[{
  "_id": {
    "$oid": "64a343ef6565564d326add86"
  },
  "login": "login",
  "password": "haslo",
  "name": "adrian",
  "lastname": "oleksy",
  "rights": 2
},
{
  "_id": {
    "$oid": "64a45762d336ef2ca707c836"
  },
  "login": "AAAAA",
  "password": "AAAAA",
  "name": "AAAAA",
  "lastname": "AAAAA",
  "rights": 2
},
{
  "_id": {
    "$oid": "64a707d95b485a1f1a0ba74f"
  },
  "login": "bbbbb",
  "password": "bbbbb",
  "name": "bbbbb",
  "lastname": "bbbbb",
  "rights": 2
},
{
  "_id": {
    "$oid": "64a709fc21029366c6cfe075"
  },
  "login": "AAAAA",
  "password": "AAAAA",
  "name": "AAAAA",
  "lastname": "AAAAA",
  "rights": 2
},
{
  "_id": {
    "$oid": "64a90a435912979046380b37"
  },
  "login": "Adrian",
  "password": "Adrian",
  "name": "Adrian",
  "lastname": "oleksy",
  "rights": 2
}]