[{
  "_id": {
    "$oid": "64a703928a5bb0b90f85b083"
  },
  "name": "aaaaaa",
  "slug": "aaaaaa",
  "place": "asdasd",
  "price": "22222",
  "rate": "1",
  "faci": "dsadsda",
  "desc": "sdasdasdafegrggrgsr sr",
  "map": "https://www.google.com/maps/embed?pb=!1m18!1m12!1m3!1d2434.289793450686!2d16.911372095346437!3d52.40142390289205!2m3!1f0!2f0!3f0!3m2!1i1024!2i768!4f13.1!3m3!1m2!1s0x47045b3ac09c6ac5%3A0xe4aa484034cc7e09!2sTK%20Maxx!5e0!3m2!1spl!2spl!4v1688667286761!5m2!1spl!2spl",
  "profil_id": "64a343ef6565564d326add86"
},
{
  "_id": {
    "$oid": "64a708095b485a1f1a0ba750"
  },
  "name": "hotel",
  "slug": "hotel",
  "place": "Lubin",
  "price": "21",
  "rate": "37",
  "faci": "brak",
  "desc": "jakiś opis",
  "map": "https://www.google.com/maps/embed?pb=!1m18!1m12!1m3!1d2434.289793450686!2d16.911372095346437!3d52.40142390289205!2m3!1f0!2f0!3f0!3m2!1i1024!2i768!4f13.1!3m3!1m2!1s0x47045b3ac09c6ac5%3A0xe4aa484034cc7e09!2sTK%20Maxx!5e0!3m2!1spl!2spl!4v1688667286761!5m2!1spl!2spl",
  "profil_id": "64a707d95b485a1f1a0ba74f"
}]